boardid,sprintid,name,vel_diff,planday,no_issue_starttime,vel_starttime,no_issue_added,vel_added,no_issue_removed,vel_removed,no_issuetodo,vel_todo,no_issueinprogress,vel_inprogress,no_issuedone,vel_done,no_admin,no_teammember
53,337,MMS Sprint v20141202,0,20,0,0,0,0,0,0,0,0,0,0,0,0,1,1
53,355,MMS Core Sprint v20150106,0,34,0,0,0,0,0,0,0,0,0,0,0,0,1,1
53,372,MMS Core Sprint v20150127,0,19,0,0,0,0,0,0,0,0,0,0,0,0,1,1
53,418,MMS v20150310,0,21,0,0,0,0,0,0,0,0,0,0,0,0,1,1
53,471,MMS v20150421,0,21,0,0,0,0,0,0,0,0,0,0,0,0,1,1
53,496,MMS v20150512,0,21,0,0,0,0,0,0,0,0,0,0,0,0,1,1
53,561,MMS v20150623,0,20,0,0,0,0,0,0,0,0,0,0,0,0,1,1
53,578,MMS v20150714,0,19,0,0,0,0,0,0,0,0,0,0,0,0,1,1
53,643,please delete me (duplicate),0,3,0,0,0,0,0,0,0,0,0,0,0,0,1,1
80,6,docs-sprint-0,-14,16,13,13,10,10,9,9,11,11,2,2,1,1,1,6
80,412,v1.3.18 - 15 - Ending 2/20,17,18,0,0,15,15,10,10,5,5,0,0,0,0,1,10
80,419,Docs Sprint 16 - Ending 3/13,11,19,30,30,84,84,55,55,23,23,18,18,18,18,1,13
80,435,Docs Sprint 17 - Ending 4/3,-26,19,109,109,22,22,42,42,37,37,14,14,38,38,1,13
80,439,Beryllium - 20150427,0,28,0,0,0,0,0,0,0,0,0,0,0,0,1,1
80,461,Docs Sprint 18 - 4/24 (461),-57,19,88,88,20,20,11,11,49,49,14,14,34,34,1,13
80,487,Docs Current Sprint (487),-56,18,81,81,12,12,8,8,58,58,10,10,17,17,1,8
80,502,BUILD 3 05/15/15,1,18,0,0,1,1,0,0,0,0,0,0,1,1,1,1
80,511,Docs Sprint Current (511),-55,17,78,78,7,7,2,2,65,65,4,4,14,14,1,8
80,541,BUILD 4 06/05/15,1,22,0,0,1,1,0,0,0,0,0,0,1,1,1,1
80,556,DOCS Current Sprint (556),-39,18,76,76,32,32,21,21,52,52,11,11,24,24,1,5
80,567,Platform 5 06/26/16,1,18,0,0,0,0,0,0,0,0,0,0,0,0,1,1
80,568,Build 5 06/26/16,0,17,0,0,1,1,0,0,0,0,0,0,1,1,1,1
80,597,MKT Sprint Ending 7/28,0,14,0,0,1,1,1,1,0,0,0,0,0,0,1,2
80,603,Docs Sprint Current,-59,18,88,88,7,7,4,4,79,79,2,2,10,10,1,6
80,605,Docs Sprint Current,-13,20,106,106,16,16,83,83,16,16,8,8,15,15,1,6
87,2,2.3.0,0,19,4,4,103,103,82,82,2,2,14,14,9,9,1,29
87,153,Build Team 2.7.0,-2,11,3,3,0,0,0,0,3,3,0,0,0,0,1,1
87,164,BUILD 2.7.1,0,18,2,2,0,0,1,1,1,1,0,0,0,0,1,1
87,169,BUILD 2.7.2,-3,17,3,3,0,0,0,0,3,3,0,0,0,0,1,2
87,173,Server 2.7.1,20,19,0,0,0,0,0,0,0,0,0,0,0,0,1,14
87,174,Server 2.7.2,9,19,6,6,18,18,6,6,6,6,6,6,6,6,1,13
87,175,Server 2.7.3,-4,18,8,8,7,7,0,0,11,11,1,1,3,3,1,14
87,193,BUILD 2.7.3,-3,18,4,4,1,1,0,0,3,3,1,1,1,1,1,2
87,209,Server 2.7.4,-10,18,9,9,16,16,4,4,14,14,4,4,3,3,1,6
87,221,BUILD 2.7.4,-3,17,4,4,0,0,0,0,4,4,0,0,0,0,1,1
87,234,Server 2.7.5,4,17,5,5,7,7,0,0,6,6,1,1,5,5,1,8
87,236,BUILD 2.7.5,-3,17,4,4,0,0,0,0,4,4,0,0,0,0,1,1
87,252,Server 2.7.6,-16,19,7,7,16,16,1,1,18,18,1,1,3,3,1,5
87,256,BUILD 2.7.6,0,18,3,3,1,1,0,0,0,0,4,4,0,0,1,2
87,290,MCI 2.7.8,1,18,0,0,0,0,0,0,0,0,0,0,0,0,1,1
87,292,BUILD 2.7.7,0,17,0,0,1,1,1,1,0,0,0,0,0,0,1,1
87,294,BUILD 2.7.8,0,18,1,1,1,1,1,1,1,1,0,0,0,0,1,4
87,303,Query 2.7.8,-1,18,11,11,0,0,0,0,4,4,4,4,3,3,1,8
87,306,BUILD 2.8.0-rc2,-1,9,7,7,0,0,0,0,5,5,1,1,1,1,1,6
87,313,Platform 0 3/13/15,0,18,6,6,0,0,3,3,2,2,0,0,1,1,1,5
87,346,BUILD 1,-1,32,7,7,2,2,0,0,5,5,3,3,1,1,1,3
87,374,Platform 00 2/20/15,0,16,0,0,4,4,0,0,2,2,0,0,2,2,1,2
87,403,BUILD 00 2/20/15,0,18,4,4,0,0,1,1,3,3,0,0,0,0,1,3
87,407,Security [00-02-20-15],-2,31,3,3,8,8,0,0,6,6,1,1,4,4,1,7
87,411,RPL 0 3/13/15,6,35,21,21,7,7,4,4,5,5,4,4,15,15,1,10
87,421,Security 0 03/13/15],-6,18,3,3,3,3,0,0,5,5,1,1,0,0,1,6
87,426,BUILD 0 3/13/15,0,18,0,0,6,6,3,3,2,2,1,1,0,0,1,3
87,430,Quint 3.1.0,-5,17,8,8,6,6,4,4,3,3,2,2,5,5,1,7
87,450,Quint Iteration 3.1.1,-1,18,23,23,7,7,2,2,12,12,7,7,9,9,1,10
87,452,Platform 1 04/03/15,5,18,3,3,11,11,5,5,9,9,0,0,0,0,1,5
87,453,BUILD 1 04/03/15,2,18,3,3,4,4,0,0,6,6,0,0,1,1,1,4
87,457,RPL 1 04/03/15,-2,18,1,1,11,11,3,3,2,2,5,5,2,2,1,6
87,458,Security 1 04/03/15,0,18,6,6,5,5,1,1,3,3,5,5,2,2,1,8
87,459,Sharding 1 04/03/15,14,18,1,1,0,0,0,0,1,1,0,0,0,0,1,5
87,460,Security 2 04/24/15,-1,18,9,9,10,10,11,11,3,3,3,3,2,2,1,11
87,470,Quint Iteration 3.1.2,-11,21,27,27,13,13,5,5,22,22,1,1,12,12,1,21
87,474,RPL 2 04/24/15,8,21,6,6,6,6,5,5,7,7,0,0,0,0,1,6
87,475,Sharding 2 04/24/15,13,18,6,6,13,13,0,0,6,6,3,3,10,10,1,8
87,476,Platform 2 04/24/15,-3,18,14,14,9,9,2,2,8,8,6,6,7,7,1,8
87,477,BUILD 2 04/24/15,-3,18,13,13,3,3,3,3,7,7,3,3,3,3,1,7
87,490,Quint Iteration 3,-7,21,31,31,11,11,2,2,26,26,7,7,7,7,1,25
87,491,CAP - 3.1.3,0,20,0,0,1,1,1,1,0,0,0,0,0,0,1,1
87,498,Security 3 05/15/15,0,18,4,4,3,3,1,1,1,1,2,2,3,3,1,5
87,499,RPL 3 05/15/15,-1,16,8,8,5,5,3,3,2,2,2,2,6,6,1,5
87,500,Sharding 3 05/15/15,-3,17,13,13,5,5,1,1,10,10,3,3,4,4,1,10
87,501,Platform 3 05/15/15,2,18,13,13,7,7,9,9,11,11,0,0,0,0,1,7
87,502,BUILD 3 05/15/15,2,18,13,13,6,6,7,7,12,12,0,0,0,0,1,5
87,518,Quint Iteration 4,-13,18,30,30,14,14,7,7,19,19,7,7,11,11,1,23
87,524,CAP - 3.1.4,1,18,1,1,0,0,0,0,1,1,0,0,0,0,1,7
87,536,Quint Iteration 5,-17,20,51,51,8,8,0,0,33,33,12,12,14,14,1,28
87,541,BUILD 4 06/05/15,-2,22,0,0,10,10,3,3,3,3,3,3,1,1,1,4
87,546,Sharding 4 06/05/15,-10,18,14,14,2,2,2,2,10,10,3,3,1,1,1,7
87,547,RPL 4 06/05/15,-4,18,17,17,3,3,1,1,11,11,4,4,4,4,1,8
87,548,Platform 4 06/05/15,-29,18,16,16,38,38,10,10,30,30,4,4,10,10,1,9
87,553,Security 4 06/05/15,0,18,0,0,2,2,1,1,1,1,0,0,0,0,1,2
87,555,Kernel Tools Iteration 5,0,18,0,0,1,1,0,0,1,1,0,0,0,0,1,1
87,558,CAP - 3.1.5,4,17,2,2,2,2,1,1,3,3,0,0,0,0,1,3
87,565,RPL 5 06/26/16,9,18,12,12,11,11,7,7,1,1,4,4,11,11,1,7
87,566,Sharding 5 06/26/16,8,18,12,12,14,14,0,0,12,12,1,1,13,13,1,10
87,567,Platform 5 06/26/16,5,18,38,38,16,16,19,19,13,13,6,6,16,16,1,8
87,568,Build 5 06/26/16,2,17,9,9,7,7,0,0,6,6,1,1,9,9,1,4
87,569,Security 5 06/26/15,3,18,2,2,7,7,1,1,3,3,4,4,1,1,1,5
87,572,Quint Iteration 6,5,21,35,35,25,25,21,21,16,16,10,10,13,13,1,30
87,573,Security 6 07/17/15,1,15,6,6,1,1,0,0,5,5,0,0,2,2,1,4
87,574,RPL 6 07/17/15,-6,15,18,18,2,2,2,2,13,13,2,2,3,3,1,7
87,575,Platform 6 07/17/15,-14,18,30,30,36,36,3,3,49,49,7,7,7,7,1,15
87,576,Sharding 6 07/17/15,2,17,14,14,11,11,3,3,6,6,7,7,9,9,1,12
87,577,Build 6 07/17/15,-9,18,7,7,8,8,2,2,9,9,1,1,3,3,1,3
87,593,RPL 7 08/10/15,1,18,19,19,8,8,8,8,8,8,5,5,6,6,1,11
87,600,CAP - 3.1.6,6,20,3,3,5,5,2,2,6,6,0,0,0,0,1,1
87,607,CAP - 3.1.7,0,21,4,4,2,2,0,0,0,0,3,3,3,3,1,1
87,620,Sharding 7 08/10/15,-3,18,24,24,16,16,10,10,30,30,0,0,0,0,1,12
87,625,Build 7 08/10/15,-12,18,10,10,11,11,4,4,8,8,8,8,1,1,1,9
87,629,Security 7 08/10/15,-5,18,13,13,6,6,3,3,12,12,1,1,3,3,1,11
87,632,Platform 7 08/10/15,8,22,58,58,17,17,35,35,10,10,16,16,14,14,1,19
87,635,Quint Iteration 7,-12,15,46,46,18,18,10,10,28,28,10,10,16,16,1,25
87,636,Kernel Tools Iteration 7,0,15,0,0,0,0,0,0,0,0,0,0,0,0,1,1
98,130,Sprint 1 April 14 - May 2,8,18,13,13,2,2,3,3,3,3,2,2,7,7,1,3
98,131,Sprint 2,-8,18,12,12,1,1,0,0,8,8,2,2,3,3,1,2
98,182,Sprint 3 - May 25 - High Level,-1,17,13,13,0,0,6,6,6,6,1,1,0,0,1,2
98,204,Sprint 4,-2,18,7,7,1,1,0,0,5,5,0,0,3,3,1,2
98,228,Sprint 5,-6,14,6,6,1,1,0,0,6,6,0,0,1,1,1,2
98,243,C# Sprint 6,5,18,0,0,6,6,5,5,1,1,0,0,0,0,1,2
98,261,C# Sprint 7,-3,14,10,10,1,1,0,0,3,3,4,4,4,4,1,2
98,262,C# Sprint 8,-10,18,14,14,2,2,0,0,14,14,0,0,2,2,1,3
98,263,C# Sprint 9,-5,18,11,11,3,3,0,0,10,10,1,1,3,3,1,2
98,289,C# Sprint 10,11,18,0,0,0,0,0,0,0,0,0,0,0,0,1,2
98,304,C Sprint 9,0,18,0,0,0,0,0,0,0,0,0,0,0,0,1,1
98,339,C# Sprint 11,6,18,5,5,9,9,0,0,4,4,1,1,9,9,1,3
98,353,C# Sprint 12,6,32,10,10,2,2,1,1,11,11,0,0,0,0,1,2
98,377,C# Sprint 14,8,18,6,6,1,1,0,0,7,7,0,0,0,0,1,2
98,391,C# Sprint 15,-4,17,4,4,0,0,0,0,2,2,2,2,0,0,1,1
98,441,C# Sprint 16,0,7,4,4,0,0,0,0,2,2,0,0,2,2,1,1
98,451,C# Sprint 17,2,20,1,1,1,1,0,0,0,0,2,2,0,0,1,2
98,488,C# Sprint 18,-6,18,6,6,1,1,0,0,6,6,1,1,0,0,1,2
98,506,C# Sprint 19,5,21,15,15,5,5,4,4,1,1,2,2,13,13,1,1
98,549,C# Sprint 20,0,21,5,5,3,3,1,1,0,0,3,3,4,4,1,2
98,589,C# Sprint 21,2,17,7,7,4,4,3,3,8,8,0,0,0,0,1,2
98,590,C# Sprint 22,-4,18,5,5,2,2,2,2,4,4,1,1,0,0,1,2
98,591,C# Sprint 23,-3,18,2,2,8,8,0,0,8,8,1,1,1,1,1,2
100,2,2.3.0,0,19,4,4,103,103,82,82,2,2,14,14,9,9,1,29
100,153,Build Team 2.7.0,-2,11,3,3,0,0,0,0,3,3,0,0,0,0,1,1
100,164,BUILD 2.7.1,0,18,2,2,0,0,1,1,1,1,0,0,0,0,1,1
100,169,BUILD 2.7.2,-3,17,3,3,0,0,0,0,3,3,0,0,0,0,1,2
100,173,Server 2.7.1,20,19,0,0,0,0,0,0,0,0,0,0,0,0,1,14
100,174,Server 2.7.2,9,19,6,6,18,18,6,6,6,6,6,6,6,6,1,13
100,175,Server 2.7.3,-4,18,8,8,7,7,0,0,11,11,1,1,3,3,1,14
100,193,BUILD 2.7.3,-3,18,4,4,1,1,0,0,3,3,1,1,1,1,1,2
100,209,Server 2.7.4,-10,18,9,9,16,16,4,4,14,14,4,4,3,3,1,6
100,221,BUILD 2.7.4,-3,17,4,4,0,0,0,0,4,4,0,0,0,0,1,1
100,234,Server 2.7.5,4,17,5,5,7,7,0,0,6,6,1,1,5,5,1,8
100,236,BUILD 2.7.5,-3,17,4,4,0,0,0,0,4,4,0,0,0,0,1,1
100,252,Server 2.7.6,-16,19,7,7,16,16,1,1,18,18,1,1,3,3,1,5
100,256,BUILD 2.7.6,0,18,3,3,1,1,0,0,0,0,4,4,0,0,1,2
100,290,MCI 2.7.8,1,18,0,0,0,0,0,0,0,0,0,0,0,0,1,1
100,292,BUILD 2.7.7,0,17,0,0,1,1,1,1,0,0,0,0,0,0,1,1
100,294,BUILD 2.7.8,0,18,1,1,1,1,1,1,1,1,0,0,0,0,1,4
100,303,Query 2.7.8,-1,18,11,11,0,0,0,0,4,4,4,4,3,3,1,8
100,306,BUILD 2.8.0-rc2,-1,9,7,7,0,0,0,0,5,5,1,1,1,1,1,6
100,313,Platform 0 3/13/15,0,18,6,6,0,0,3,3,2,2,0,0,1,1,1,5
100,346,BUILD 1,-1,32,7,7,2,2,0,0,5,5,3,3,1,1,1,3
100,374,Platform 00 2/20/15,0,16,0,0,4,4,0,0,2,2,0,0,2,2,1,2
100,403,BUILD 00 2/20/15,0,18,4,4,0,0,1,1,3,3,0,0,0,0,1,3
100,407,Security [00-02-20-15],-2,31,3,3,8,8,0,0,6,6,1,1,4,4,1,7
100,411,RPL 0 3/13/15,6,35,21,21,7,7,4,4,5,5,4,4,15,15,1,10
100,421,Security 0 03/13/15],-6,18,3,3,3,3,0,0,5,5,1,1,0,0,1,6
100,426,BUILD 0 3/13/15,0,18,0,0,6,6,3,3,2,2,1,1,0,0,1,3
100,430,Quint 3.1.0,-5,17,8,8,6,6,4,4,3,3,2,2,5,5,1,7
100,450,Quint Iteration 3.1.1,-1,18,23,23,7,7,2,2,12,12,7,7,9,9,1,10
100,452,Platform 1 04/03/15,5,18,3,3,11,11,5,5,9,9,0,0,0,0,1,5
100,453,BUILD 1 04/03/15,2,18,3,3,4,4,0,0,6,6,0,0,1,1,1,4
100,457,RPL 1 04/03/15,-2,18,1,1,11,11,3,3,2,2,5,5,2,2,1,6
100,458,Security 1 04/03/15,0,18,6,6,5,5,1,1,3,3,5,5,2,2,1,8
100,459,Sharding 1 04/03/15,14,18,1,1,0,0,0,0,1,1,0,0,0,0,1,5
100,460,Security 2 04/24/15,-1,18,9,9,10,10,11,11,3,3,3,3,2,2,1,11
100,470,Quint Iteration 3.1.2,-11,21,27,27,13,13,5,5,22,22,1,1,12,12,1,21
100,474,RPL 2 04/24/15,8,21,6,6,6,6,5,5,7,7,0,0,0,0,1,6
100,475,Sharding 2 04/24/15,13,18,6,6,13,13,0,0,6,6,3,3,10,10,1,8
100,476,Platform 2 04/24/15,-3,18,14,14,9,9,2,2,8,8,6,6,7,7,1,8
100,477,BUILD 2 04/24/15,-3,18,13,13,3,3,3,3,7,7,3,3,3,3,1,7
100,490,Quint Iteration 3,-7,21,31,31,11,11,2,2,26,26,7,7,7,7,1,25
100,491,CAP - 3.1.3,0,20,0,0,1,1,1,1,0,0,0,0,0,0,1,1
100,498,Security 3 05/15/15,0,18,4,4,3,3,1,1,1,1,2,2,3,3,1,5
100,499,RPL 3 05/15/15,-1,16,8,8,5,5,3,3,2,2,2,2,6,6,1,5
100,500,Sharding 3 05/15/15,-3,17,13,13,5,5,1,1,10,10,3,3,4,4,1,10
100,501,Platform 3 05/15/15,2,18,13,13,7,7,9,9,11,11,0,0,0,0,1,7
100,502,BUILD 3 05/15/15,2,18,13,13,6,6,7,7,12,12,0,0,0,0,1,5
100,518,Quint Iteration 4,-13,18,30,30,14,14,7,7,19,19,7,7,11,11,1,23
100,524,CAP - 3.1.4,1,18,1,1,0,0,0,0,1,1,0,0,0,0,1,7
100,536,Quint Iteration 5,-17,20,51,51,8,8,0,0,33,33,12,12,14,14,1,28
100,541,BUILD 4 06/05/15,-2,22,0,0,10,10,3,3,3,3,3,3,1,1,1,4
100,546,Sharding 4 06/05/15,-10,18,14,14,2,2,2,2,10,10,3,3,1,1,1,7
100,547,RPL 4 06/05/15,-4,18,17,17,3,3,1,1,11,11,4,4,4,4,1,8
100,548,Platform 4 06/05/15,-29,18,16,16,38,38,10,10,30,30,4,4,10,10,1,9
100,553,Security 4 06/05/15,0,18,0,0,2,2,1,1,1,1,0,0,0,0,1,2
100,555,Kernel Tools Iteration 5,0,18,0,0,1,1,0,0,1,1,0,0,0,0,1,1
100,558,CAP - 3.1.5,4,17,2,2,2,2,1,1,3,3,0,0,0,0,1,3
100,565,RPL 5 06/26/16,9,18,12,12,11,11,7,7,1,1,4,4,11,11,1,7
100,566,Sharding 5 06/26/16,8,18,12,12,14,14,0,0,12,12,1,1,13,13,1,10
100,567,Platform 5 06/26/16,5,18,38,38,16,16,19,19,13,13,6,6,16,16,1,8
100,568,Build 5 06/26/16,2,17,9,9,7,7,0,0,6,6,1,1,9,9,1,4
100,569,Security 5 06/26/15,3,18,2,2,7,7,1,1,3,3,4,4,1,1,1,5
100,572,Quint Iteration 6,5,21,35,35,25,25,21,21,16,16,10,10,13,13,1,30
100,573,Security 6 07/17/15,1,15,6,6,1,1,0,0,5,5,0,0,2,2,1,4
100,574,RPL 6 07/17/15,-6,15,18,18,2,2,2,2,13,13,2,2,3,3,1,7
100,575,Platform 6 07/17/15,-14,18,30,30,36,36,3,3,49,49,7,7,7,7,1,15
100,576,Sharding 6 07/17/15,2,17,14,14,11,11,3,3,6,6,7,7,9,9,1,12
100,577,Build 6 07/17/15,-9,18,7,7,8,8,2,2,9,9,1,1,3,3,1,3
100,593,RPL 7 08/10/15,1,18,19,19,8,8,8,8,8,8,5,5,6,6,1,11
100,600,CAP - 3.1.6,6,20,3,3,5,5,2,2,6,6,0,0,0,0,1,1
100,607,CAP - 3.1.7,0,21,4,4,2,2,0,0,0,0,3,3,3,3,1,1
100,620,Sharding 7 08/10/15,-3,18,24,24,16,16,10,10,30,30,0,0,0,0,1,12
100,625,Build 7 08/10/15,-12,18,10,10,11,11,4,4,8,8,8,8,1,1,1,9
100,629,Security 7 08/10/15,-5,18,13,13,6,6,3,3,12,12,1,1,3,3,1,11
100,632,Platform 7 08/10/15,8,22,58,58,17,17,35,35,10,10,16,16,14,14,1,19
100,635,Quint Iteration 7,-12,15,46,46,18,18,10,10,28,28,10,10,16,16,1,25
100,636,Kernel Tools Iteration 7,0,15,0,0,0,0,0,0,0,0,0,0,0,0,1,1
104,60,Sprint 1,0,30,38,38,9,9,0,0,29,29,1,1,17,17,2,6
104,61,Sprint 2,1,14,5,5,1,1,0,0,3,3,0,0,3,3,2,2
104,62,Sprint 3,-1,11,12,12,1,1,0,0,12,12,0,0,1,1,2,3
104,113,Sprint 4,4,14,5,5,12,12,0,0,3,3,0,0,14,14,2,1
104,143,Sprint 2 - May 5 - May 23,21,18,4,4,2,2,0,0,4,4,0,0,2,2,2,1
104,149,Sprint 1 - April 14 - May 2,1,10,0,0,0,0,0,0,0,0,0,0,0,0,2,1
104,194,Sprint 3 -May 25 - June 13,4,19,0,0,0,0,0,0,0,0,0,0,0,0,2,2
104,205,Sprint 5 - July 7-25,1,15,3,3,2,2,0,0,1,1,0,0,4,4,2,1
104,286,C Sprint 8,1,18,1,1,9,9,4,4,3,3,2,2,1,1,2,4
104,304,C Sprint 9,12,18,8,8,6,6,3,3,9,9,0,0,2,2,2,5
104,313,Platform 0 3/13/15,-2,18,3,3,0,0,0,0,3,3,0,0,0,0,2,1
104,342,C Sprint 11,2,16,8,30,4,4,9,31,1,-14,2,17,0,0,2,2
104,343,C Sprint 12,-2,24,8,15,21,27,27,40,2,2,0,0,0,0,2,5
104,374,Platform 00 2/20/15,-21,16,5,5,20,26,0,0,24,30,1,1,0,0,2,4
104,442,PHP Sprint 17,0,21,0,0,0,0,0,0,0,0,0,0,0,0,2,1
104,452,Platform 1 04/03/15,-1,18,2,2,0,0,1,1,1,1,0,0,0,0,2,1
104,473,PHP Sprint 18,0,18,0,0,0,0,0,0,0,0,0,0,0,0,2,1
104,505,PHP Sprint 19,0,21,0,0,0,0,0,0,0,0,0,0,0,0,2,1
104,532,C Driver 2015Q2 sprint 1,-5,8,6,12,4,4,0,0,3,6,3,3,4,7,2,3
104,557,C Driver 2015Q2 sprint 2,-31,18,15,100,1,2,2,18,9,50,2,12,3,22,2,2
104,579,C Driver 2015Q2 sprint 3,-67,18,0,0,21,144,5,26,10,65,4,48,2,5,2,3
104,610,C Driver 2015Q2 sprint 4,48,18,0,0,17,149,11,109,3,36,1,2,2,2,2,4
104,640,C Driver 2015Q2 sprint 5,-39,18,0,0,9,100,0,0,7,80,2,20,0,0,2,3
116,130,Sprint 1 April 14 - May 2,8,18,13,13,2,2,3,3,3,3,2,2,7,7,1,3
116,131,Sprint 2,-8,18,12,12,1,1,0,0,8,8,2,2,3,3,1,2
116,182,Sprint 3 - May 25 - High Level,-2,17,13,13,0,0,5,5,7,7,1,1,0,0,1,2
116,204,Sprint 4,-2,18,8,8,0,0,0,0,5,5,0,0,3,3,1,2
116,228,Sprint 5,-6,14,7,7,0,0,0,0,6,6,0,0,1,1,1,2
116,243,C# Sprint 6,5,18,0,0,6,6,5,5,1,1,0,0,0,0,1,2
116,261,C# Sprint 7,-3,14,10,10,1,1,0,0,3,3,4,4,4,4,1,2
116,262,C# Sprint 8,-12,18,18,18,0,0,0,0,16,16,0,0,2,2,1,3
116,263,C# Sprint 9,-6,18,15,15,0,0,0,0,11,11,1,1,3,3,1,2
116,289,C# Sprint 10,11,18,0,0,0,0,0,0,0,0,0,0,0,0,1,2
116,304,C Sprint 9,0,18,0,0,0,0,0,0,0,0,0,0,0,0,1,1
116,339,C# Sprint 11,6,18,7,7,7,7,0,0,4,4,1,1,9,9,1,3
116,353,C# Sprint 12,6,32,10,10,2,2,1,1,11,11,0,0,0,0,1,2
116,377,C# Sprint 14,8,18,7,7,0,0,0,0,7,7,0,0,0,0,1,2
116,391,C# Sprint 15,-4,17,4,4,0,0,0,0,2,2,2,2,0,0,1,1
116,441,C# Sprint 16,0,7,4,4,0,0,0,0,2,2,0,0,2,2,1,1
116,451,C# Sprint 17,2,20,1,1,1,1,0,0,0,0,2,2,0,0,1,2
116,488,C# Sprint 18,-6,18,7,7,0,0,0,0,6,6,1,1,0,0,1,2
116,506,C# Sprint 19,4,21,16,16,5,5,4,4,2,2,2,2,13,13,1,1
116,549,C# Sprint 20,-4,21,8,8,3,3,0,0,4,4,3,3,4,4,1,2
116,589,C# Sprint 21,2,17,8,8,3,3,3,3,8,8,0,0,0,0,1,2
116,590,C# Sprint 22,-5,18,5,5,3,3,2,2,5,5,1,1,0,0,1,2
116,591,C# Sprint 23,-4,18,3,3,8,8,0,0,9,9,1,1,1,1,1,2
118,130,Sprint 1 April 14 - May 2,8,18,13,13,2,2,3,3,3,3,2,2,7,7,1,3
118,131,Sprint 2,-8,18,12,12,1,1,0,0,8,8,2,2,3,3,1,2
118,182,Sprint 3 - May 25 - High Level,-2,17,13,13,0,0,5,5,7,7,1,1,0,0,1,2
118,204,Sprint 4,-2,18,8,8,0,0,0,0,5,5,0,0,3,3,1,2
118,228,Sprint 5,-6,14,7,7,0,0,0,0,6,6,0,0,1,1,1,2
118,243,C# Sprint 6,5,18,0,0,6,6,5,5,1,1,0,0,0,0,1,2
118,261,C# Sprint 7,-3,14,10,10,1,1,0,0,3,3,4,4,4,4,1,2
118,262,C# Sprint 8,-12,18,18,18,0,0,0,0,16,16,0,0,2,2,1,3
118,263,C# Sprint 9,-6,18,15,15,0,0,0,0,11,11,1,1,3,3,1,2
118,289,C# Sprint 10,11,18,0,0,0,0,0,0,0,0,0,0,0,0,1,2
118,304,C Sprint 9,0,18,0,0,0,0,0,0,0,0,0,0,0,0,1,1
118,339,C# Sprint 11,6,18,7,7,7,7,0,0,4,4,1,1,9,9,1,3
118,353,C# Sprint 12,6,32,10,10,2,2,1,1,11,11,0,0,0,0,1,2
118,377,C# Sprint 14,8,18,7,7,0,0,0,0,7,7,0,0,0,0,1,2
118,391,C# Sprint 15,-4,17,4,4,0,0,0,0,2,2,2,2,0,0,1,1
118,441,C# Sprint 16,0,7,4,4,0,0,0,0,2,2,0,0,2,2,1,1
118,451,C# Sprint 17,2,20,1,1,1,1,0,0,0,0,2,2,0,0,1,2
118,488,C# Sprint 18,-6,18,7,7,0,0,0,0,6,6,1,1,0,0,1,2
118,506,C# Sprint 19,4,21,16,16,5,5,4,4,2,2,2,2,13,13,1,1
118,549,C# Sprint 20,-4,21,8,8,3,3,0,0,4,4,3,3,4,4,1,2
118,589,C# Sprint 21,2,17,8,8,3,3,3,3,8,8,0,0,0,0,1,2
118,590,C# Sprint 22,-5,18,5,5,3,3,2,2,5,5,1,1,0,0,1,2
118,591,C# Sprint 23,-4,18,3,3,8,8,0,0,9,9,1,1,1,1,1,2
119,77,Sprint 1,-2,18,6,6,1,1,1,1,5,5,1,1,0,0,1,3
119,81,Sprint 2,-3,14,6,6,3,3,0,0,5,5,2,2,2,2,1,2
119,82,Sprint 3,5,9,6,6,11,11,4,4,13,13,0,0,0,0,1,4
119,107,Sprint 4,2,31,6,6,2,2,0,0,3,3,2,2,3,3,1,1
119,123,Sprint 1 - April 14 - May 2,9,18,9,9,2,2,2,2,4,4,4,4,1,1,1,3
119,155,Sprint 1 - April 14 - May 2,0,3,0,0,1,1,1,1,0,0,0,0,0,0,1,1
119,161,Sprint 2 - May 5 - May 23,-2,21,10,10,2,2,0,0,7,7,4,4,1,1,1,4
119,185,Sprint 3 - May 27 - June 13,37,718,0,0,0,0,0,0,0,0,0,0,0,0,1,1
119,202,Sprint 4 - June 16 - July 3,-3,17,15,15,7,7,0,0,7,7,8,8,7,7,1,2
119,204,Sprint 4,0,18,0,0,6,6,6,6,0,0,0,0,0,0,1,1
119,239,Sprint  5 - July 7 - July 25,2,18,0,0,0,0,0,0,0,0,0,0,0,0,1,3
119,251,Java Sprint 6,34,18,0,0,14,14,9,9,1,1,3,3,1,1,1,4
119,262,C# Sprint 8,0,18,0,0,0,0,0,0,0,0,0,0,0,0,1,1
119,264,Java Sprint 7,-5,18,15,15,5,5,1,1,6,6,3,3,10,10,1,4
119,265,Java Sprint 8,17,18,9,9,3,3,2,2,7,7,2,2,1,1,1,4
119,298,Java Sprint 9,9,17,24,24,4,4,1,1,12,12,8,8,7,7,1,4
119,321,Java Sprint 10,18,18,8,8,1,1,1,1,7,7,0,0,1,1,1,1
119,338,Java Sprint 11,8,18,6,6,8,8,1,1,2,2,3,3,8,8,1,3
119,351,Java Sprint 12,16,39,14,14,5,5,2,2,17,17,0,0,0,0,1,3
119,371,Java Sprint 14,11,18,9,9,3,3,1,1,3,3,1,1,7,7,1,2
119,391,C# Sprint 15,0,17,0,0,1,1,1,1,0,0,0,0,0,0,1,1
119,396,Java Sprint 15,12,17,3,3,3,3,0,0,3,3,1,1,2,2,1,3
119,440,Java Sprint 16,0,7,3,3,2,2,0,0,4,4,0,0,1,1,1,1
119,454,Java Sprint 17,7,18,5,5,3,3,2,2,1,1,1,1,4,4,1,2
119,485,Java Sprint 18,7,18,4,4,6,6,1,1,1,1,2,2,6,6,1,2
119,506,C# Sprint 19,0,21,11,11,0,0,11,11,0,0,0,0,0,0,1,2
119,521,Java Sprint 19,3,18,0,0,12,12,0,0,8,8,0,0,4,4,1,2
119,522,Java Sprint 20,0,17,6,6,5,5,0,0,11,11,0,0,0,0,1,1
119,552,Java Sprint 20,1,18,8,8,8,8,0,0,7,7,0,0,9,9,1,3
119,586,Java Sprint 21,-3,18,0,0,10,10,0,0,4,4,1,1,5,5,1,2
119,587,Java Sprint 23,-8,18,0,0,11,11,0,0,11,11,0,0,0,0,1,1
121,130,Sprint 1 April 14 - May 2,8,18,13,13,2,2,3,3,3,3,2,2,7,7,1,3
121,131,Sprint 2,-8,18,12,12,1,1,0,0,8,8,2,2,3,3,1,2
121,182,Sprint 3 - May 25 - High Level,-1,17,13,13,0,0,6,6,6,6,1,1,0,0,1,2
121,204,Sprint 4,-2,18,7,7,1,1,0,0,5,5,0,0,3,3,1,2
121,228,Sprint 5,-6,14,6,6,1,1,0,0,6,6,0,0,1,1,1,2
121,243,C# Sprint 6,5,18,0,0,6,6,5,5,1,1,0,0,0,0,1,2
121,261,C# Sprint 7,-3,14,10,10,1,1,0,0,3,3,4,4,4,4,1,2
121,262,C# Sprint 8,-10,18,14,14,2,2,0,0,14,14,0,0,2,2,1,3
121,263,C# Sprint 9,-5,18,11,11,3,3,0,0,10,10,1,1,3,3,1,2
121,289,C# Sprint 10,11,18,0,0,0,0,0,0,0,0,0,0,0,0,1,2
121,304,C Sprint 9,0,18,0,0,0,0,0,0,0,0,0,0,0,0,1,1
121,339,C# Sprint 11,6,18,5,5,9,9,0,0,4,4,1,1,9,9,1,3
121,353,C# Sprint 12,6,32,10,10,2,2,1,1,11,11,0,0,0,0,1,2
121,377,C# Sprint 14,8,18,6,6,1,1,0,0,7,7,0,0,0,0,1,2
121,391,C# Sprint 15,-4,17,4,4,0,0,0,0,2,2,2,2,0,0,1,1
121,441,C# Sprint 16,0,7,4,4,0,0,0,0,2,2,0,0,2,2,1,1
121,451,C# Sprint 17,2,20,1,1,1,1,0,0,0,0,2,2,0,0,1,2
121,488,C# Sprint 18,-6,18,6,6,1,1,0,0,6,6,1,1,0,0,1,2
121,506,C# Sprint 19,5,21,15,15,5,5,4,4,1,1,2,2,13,13,1,1
121,549,C# Sprint 20,0,21,5,5,3,3,1,1,0,0,3,3,4,4,1,2
121,589,C# Sprint 21,2,17,7,7,4,4,3,3,8,8,0,0,0,0,1,2
121,590,C# Sprint 22,-4,18,5,5,2,2,2,2,4,4,1,1,0,0,1,2
121,591,C# Sprint 23,-3,18,2,2,8,8,0,0,8,8,1,1,1,1,1,2
139,101,Sprint 1 - April 14,-2,21,2,2,0,0,0,0,2,2,0,0,0,0,1,1
139,162,Sprint 2 - May 5 - May 23,0,18,4,4,0,0,0,0,4,4,0,0,0,0,1,1
139,183,Sprint 3 - May 25 - June 13,5,16,5,5,0,0,2,2,1,1,2,2,0,0,1,1
139,203,Sprint 4,0,17,4,4,0,0,0,0,3,3,1,1,0,0,1,1
139,231,Sprint 5,0,18,11,11,0,0,11,11,0,0,0,0,0,0,1,2
139,247,Perl Sprint 6,-5,18,19,20,0,0,3,4,13,12,3,4,0,0,1,2
139,273,Perl Sprint 7,0,18,1,1,9,10,0,0,7,8,1,1,2,2,1,3
139,288,Perl Sprint 8,-15,18,0,0,6,24,1,5,5,19,0,0,0,0,1,3
139,302,Perl Sprint 9,0,17,8,33,1,1,0,0,3,3,1,3,5,28,1,3
139,323,Perl Sprint 10,-4,17,0,0,4,11,0,0,4,11,0,0,0,0,1,1
139,340,Perl Sprint 11,-5,18,0,0,7,13,0,0,5,8,0,0,2,5,1,2
139,347,Perl Sprint 12,-8,18,0,0,4,11,0,0,3,3,1,8,0,0,1,2
139,354,Perl Sprint 13,-4,18,0,0,14,29,0,0,3,4,0,0,11,25,1,2
139,380,Perl Sprint 14,-14,18,3,16,0,0,0,0,3,16,0,0,0,0,1,1
139,395,Perl Sprint 16,-7,18,0,0,4,7,0,0,2,1,2,6,0,0,1,1
139,449,Perl Sprint 17,-15,18,0,0,22,38,3,3,3,10,4,9,12,16,1,2
139,486,Perl Sprint 18,-20,18,8,20,0,0,0,0,8,20,0,0,0,0,1,1
139,516,Perl Sprint 19,-1,18,0,0,8,20,0,0,8,20,0,0,0,0,1,1
139,554,Perl Sprint 20,4,18,18,29,1,2,0,0,8,14,4,6,7,11,1,1
139,571,Perl Sprint 21,-22,17,12,32,0,0,0,0,10,27,2,5,0,0,1,1
139,608,Perl Sprint 22,-22,18,0,0,11,33,2,6,9,27,0,0,0,0,1,1
139,634,Perl Sprint 23,0,18,3,17,0,0,0,0,2,16,0,0,1,1,1,1
141,31,Sprint 1,-3,37,3,3,2,2,0,0,3,3,0,0,2,2,1,4
141,103,Sprint 2,0,14,5,5,0,0,0,0,5,5,0,0,0,0,1,3
141,139,Sprint 1 - April 14 - May 2,-5,18,6,6,2,2,0,0,8,8,0,0,0,0,1,4
141,140,Sprint 2 - May 5 - May 23,-3,18,6,6,0,0,0,0,6,6,0,0,0,0,1,3
141,181,Sprint 3 - May 25 - June 13,-3,17,12,12,1,1,0,0,8,8,5,5,0,0,1,3
141,197,Sprint 4 - June 16 - July 4,-6,18,3,3,7,7,3,3,6,6,1,1,0,0,1,5
141,207,Sprint 5 - July 7-25,0,14,6,6,2,2,8,8,0,0,0,0,0,0,1,5
141,208,Ruby Sprint 6,-14,18,5,5,9,9,0,0,14,14,0,0,0,0,1,5
141,275,Ruby Sprint 7,-9,17,15,15,0,0,0,0,15,15,0,0,0,0,1,5
141,285,Ruby Sprint 8,-2,18,10,10,0,0,0,0,9,9,1,1,0,0,1,5
141,300,Ruby Sprint 9,-8,18,13,13,0,0,0,0,13,13,0,0,0,0,1,2
141,327,Ruby Sprint 11,26,18,0,0,0,0,0,0,0,0,0,0,0,0,1,2
141,392,Ruby Sprint 15,5,21,15,15,0,0,0,0,13,13,0,0,2,2,1,2
141,417,Ruby Sprint 16,0,14,8,8,4,4,0,0,7,7,1,1,4,4,1,3
141,492,Ruby Sprint 18,0,17,3,3,0,0,3,3,0,0,0,0,0,0,1,2
141,514,Ruby Sprint 19,-1,18,0,0,8,8,6,6,2,2,0,0,0,0,1,2
141,584,Ruby Sprint 21,7,18,0,0,20,20,1,1,15,15,2,2,2,2,1,1
141,619,Ruby Sprint 22,-2,14,6,6,3,3,2,2,7,7,0,0,0,0,1,2
161,130,Sprint 1 April 14 - May 2,8,18,13,13,2,2,3,3,3,3,2,2,7,7,1,3
161,131,Sprint 2,-8,18,12,12,1,1,0,0,8,8,2,2,3,3,1,2
161,182,Sprint 3 - May 25 - High Level,-2,17,13,13,0,0,5,5,7,7,1,1,0,0,1,2
161,204,Sprint 4,-2,18,8,8,0,0,0,0,5,5,0,0,3,3,1,2
161,228,Sprint 5,-6,14,7,7,0,0,0,0,6,6,0,0,1,1,1,2
161,243,C# Sprint 6,5,18,0,0,6,6,5,5,1,1,0,0,0,0,1,2
161,261,C# Sprint 7,-3,14,10,10,1,1,0,0,3,3,4,4,4,4,1,2
161,262,C# Sprint 8,-12,18,18,18,0,0,0,0,16,16,0,0,2,2,1,3
161,263,C# Sprint 9,-6,18,15,15,0,0,0,0,11,11,1,1,3,3,1,2
161,289,C# Sprint 10,11,18,0,0,0,0,0,0,0,0,0,0,0,0,1,2
161,304,C Sprint 9,0,18,0,0,0,0,0,0,0,0,0,0,0,0,1,1
161,339,C# Sprint 11,6,18,7,7,7,7,0,0,4,4,1,1,9,9,1,3
161,353,C# Sprint 12,6,32,10,10,2,2,1,1,11,11,0,0,0,0,1,2
161,377,C# Sprint 14,8,18,7,7,0,0,0,0,7,7,0,0,0,0,1,2
161,391,C# Sprint 15,-4,17,4,4,0,0,0,0,2,2,2,2,0,0,1,1
161,441,C# Sprint 16,0,7,4,4,0,0,0,0,2,2,0,0,2,2,1,1
161,451,C# Sprint 17,2,20,1,1,1,1,0,0,0,0,2,2,0,0,1,2
161,488,C# Sprint 18,-6,18,7,7,0,0,0,0,6,6,1,1,0,0,1,2
161,506,C# Sprint 19,4,21,16,16,5,5,4,4,2,2,2,2,13,13,1,1
161,549,C# Sprint 20,-4,21,8,8,3,3,0,0,4,4,3,3,4,4,1,2
161,589,C# Sprint 21,2,17,8,8,3,3,3,3,8,8,0,0,0,0,1,2
161,590,C# Sprint 22,-5,18,5,5,3,3,2,2,5,5,1,1,0,0,1,2
161,591,C# Sprint 23,-4,18,3,3,8,8,0,0,9,9,1,1,1,1,1,2
175,142,Sprint 3 - May 25 - June 13,0,19,0,0,0,0,0,0,0,0,0,0,0,0,1,1
175,208,Ruby Sprint 6,0,18,0,0,2,9,2,9,0,0,0,0,0,0,1,1
175,257,Node Sprint 6,-1,14,2,15,7,17,0,0,1,7,2,14,6,11,1,1
175,269,Node Sprint 7,23,21,7,30,0,0,0,0,6,24,1,6,0,0,1,1
175,287,Node Sprint 8,50,14,1,1,3,14,0,0,4,15,0,0,0,0,1,1
175,415,Node Sprint 15,0,14,3,3,0,0,0,0,3,3,0,0,0,0,1,1
175,423,Node Sprint 16,0,14,9,9,0,0,0,0,0,0,1,1,8,8,1,1
175,455,Node Sprint 17,0,18,13,13,0,0,0,0,1,1,0,0,12,12,1,1
175,456,Node Sprint 18,-2,14,22,22,10,10,2,2,5,5,0,0,25,25,1,1
175,515,Node Sprint 18,6,10,5,5,3,3,0,0,0,0,3,3,5,5,1,1
178,145,Sprint 1 - April 14 - May 2,10,16,7,7,13,13,1,1,9,9,4,4,6,6,1,3
178,146,Sprint 2 - May 5 - 23,-1,18,8,8,3,3,0,0,7,7,3,3,1,1,1,3
178,186,Sprint 3 - May 27 - June 13,0,16,7,7,1,1,1,1,5,5,1,1,1,1,1,3
178,191,Sprint 4 June 16th - July 4th,-1,18,7,7,6,6,7,7,3,3,0,0,3,3,1,3
178,232,PHP Sprint 5 July 7th - 25th,2,18,2,2,13,13,1,1,8,8,5,5,1,1,1,2
178,241,PHP Sprint 6 July 28 - Aug 15,-8,18,0,0,17,17,0,0,12,12,2,2,3,3,1,3
178,276,PHP Sprint 7,0,18,14,14,0,0,5,5,7,7,1,1,1,1,1,2
178,284,PHP Sprint 8,-1,18,10,10,1,1,3,3,3,3,0,0,5,5,1,3
178,286,C Sprint 8,0,18,0,0,1,1,1,1,0,0,0,0,0,0,1,2
178,309,PHP Sprint 9,-4,17,15,15,0,0,4,4,6,6,3,3,2,2,1,3
178,316,PHP Sprint 10,12,18,0,0,0,0,0,0,0,0,0,0,0,0,1,3
178,344,PHP Sprint 11,10,10,18,20,11,13,0,0,29,33,0,0,0,0,1,3
178,348,PHP Sprint 12,33,18,9,15,15,15,0,0,6,8,3,7,15,15,1,3
178,370,PHP Sprint 13,12,17,0,0,6,6,0,0,5,5,0,0,1,1,1,2
178,382,PHP Sprint 14,43,18,6,8,5,5,0,0,11,13,0,0,0,0,1,3
178,401,PHP Sprint 15,2,18,17,17,3,7,0,0,7,7,3,7,10,10,1,3
178,425,PHP Sprint 16,-2,18,0,0,25,25,2,2,16,16,2,2,5,5,1,3
178,442,PHP Sprint 17,14,21,23,23,15,15,0,0,9,9,8,8,21,21,1,3
178,473,PHP Sprint 18,30,18,33,33,13,13,1,1,24,24,3,3,18,18,1,3
178,505,PHP Sprint 19,11,21,29,29,0,0,0,0,6,6,0,0,23,23,1,3
178,563,PHP Sprint 21,-9,18,24,24,2,2,0,0,16,16,2,2,8,8,1,1
178,564,PHP Sprint 22,-2,21,3,3,26,26,0,0,18,18,2,2,9,9,1,3
181,32,Sprint 1,-3,30,9,9,0,0,0,0,8,8,1,1,0,0,1,1
181,149,Sprint 1 - April 14 - May 2,3,10,5,5,5,5,0,0,6,6,3,3,1,1,1,3
181,163,Sprint 2 May - May 23,-1,18,3,3,0,0,0,0,3,3,0,0,0,0,1,1
181,201,Python Sprint 6,-4,18,6,6,3,3,1,1,6,6,2,2,0,0,1,2
181,271,Python Sprint 7,2,18,2,2,2,2,0,0,1,1,3,3,0,0,1,1
181,272,Python Sprint 8,2,18,0,0,16,16,2,2,12,12,0,0,2,2,1,2
181,314,Python Sprint 9,0,18,0,0,16,16,7,7,5,5,3,3,1,1,1,2
181,326,Python Sprint 10,7,18,0,0,0,0,0,0,0,0,0,0,0,0,1,1
181,349,Python Sprint 11,2,18,0,0,0,0,0,0,0,0,0,0,0,0,1,1
181,350,Python Sprint 12,8,18,4,4,0,0,2,2,1,1,0,0,1,1,1,1
181,369,Python Sprint 13,-3,18,7,7,0,0,1,1,5,5,0,0,1,1,1,1
181,381,Python Sprint 14,0,18,6,6,1,1,3,3,1,1,1,1,2,2,1,1
181,394,Python Sprint 16,4,18,6,6,23,23,8,8,5,5,6,6,10,10,1,3
181,416,Python Sprint 17,7,18,5,5,4,4,2,2,7,7,0,0,0,0,1,1
181,435,Docs Sprint 17 - Ending 4/3,0,19,0,0,1,1,1,1,0,0,0,0,0,0,1,1
181,493,Python Sprint 18,9,18,0,0,5,5,0,0,2,2,0,0,3,3,1,1
181,517,Python Sprint 19,8,18,0,0,4,4,1,1,0,0,1,1,2,2,1,2
181,544,Python Sprint 20,-1,18,7,7,4,4,4,4,3,3,1,1,3,3,1,1
181,580,Python Sprint 21,4,18,11,11,7,7,4,4,5,5,2,2,7,7,1,2
181,609,Python Sprint 22,7,18,0,0,11,11,6,6,1,1,3,3,1,1,1,3
181,631,Python Sprint 23,-4,18,9,9,1,1,0,0,4,4,3,3,3,3,1,3
187,156,Safety Dance,0,14,0,0,0,0,0,0,0,0,0,0,0,0,1,1
187,166,Stray Cat Strut,0,14,0,0,0,0,0,0,0,0,0,0,0,0,1,1
187,171,Straight Up,0,13,0,0,0,0,0,0,0,0,0,0,0,0,1,1
187,196,Another Day in Paradise,0,14,0,0,0,0,0,0,0,0,0,0,0,0,1,1
187,215,Just Like Starting Over,0,14,0,0,0,0,0,0,0,0,0,0,0,0,1,1
187,270,"Let's Go Crazy" (08/29),0,14,0,0,0,0,0,0,0,0,0,0,0,0,1,1
187,301,Every Breath You Take (10/20),0,8,0,0,0,0,0,0,0,0,0,0,0,0,1,1
187,319,Gonna Fly Now (Ends 10/31),0,4,0,0,0,0,0,0,0,0,0,0,0,0,1,1
187,390,Drupal Ending 2/28,0,14,0,0,0,0,0,0,0,0,0,0,0,0,1,1
192,31,Sprint 1,-3,37,3,3,2,2,0,0,3,3,0,0,2,2,1,4
192,103,Sprint 2,0,14,5,5,0,0,0,0,5,5,0,0,0,0,1,3
192,139,Sprint 1 - April 14 - May 2,-5,18,6,6,2,2,0,0,8,8,0,0,0,0,1,4
192,140,Sprint 2 - May 5 - May 23,0,18,3,3,0,0,0,0,3,3,0,0,0,0,1,1
192,181,Sprint 3 - May 25 - June 13,1,17,8,8,1,1,0,0,4,4,5,5,0,0,1,3
192,197,Sprint 4 - June 16 - July 4,-3,18,3,3,4,4,3,3,3,3,1,1,0,0,1,5
192,207,Sprint 5 - July 7-25,0,14,5,5,1,1,6,6,0,0,0,0,0,0,1,5
192,208,Ruby Sprint 6,-5,18,2,2,4,4,1,1,5,5,0,0,0,0,1,5
192,275,Ruby Sprint 7,-3,17,6,6,3,3,0,0,9,9,0,0,0,0,1,5
192,285,Ruby Sprint 8,0,18,4,4,4,4,0,0,7,7,1,1,0,0,1,5
192,300,Ruby Sprint 9,-4,18,11,11,0,0,2,2,9,9,0,0,0,0,1,2
192,327,Ruby Sprint 11,26,18,0,0,0,0,0,0,0,0,0,0,0,0,1,2
192,392,Ruby Sprint 15,5,21,12,12,3,3,0,0,13,13,0,0,2,2,1,2
192,417,Ruby Sprint 16,0,14,8,8,4,4,0,0,7,7,1,1,4,4,1,3
192,492,Ruby Sprint 18,0,17,3,3,0,0,3,3,0,0,0,0,0,0,1,2
192,514,Ruby Sprint 19,-1,18,0,0,8,8,6,6,2,2,0,0,0,0,1,2
192,584,Ruby Sprint 21,7,18,0,0,20,20,1,1,15,15,2,2,2,2,1,1
192,619,Ruby Sprint 22,1,14,5,5,4,4,5,5,4,4,0,0,0,0,1,2
193,155,Sprint 1 - April 14 - May 2,0,3,0,0,0,0,0,0,0,0,0,0,0,0,1,1
193,522,Java Sprint 20,-1,17,0,0,8,8,1,1,2,2,1,1,4,4,1,1
193,552,Java Sprint 20,-1,18,0,0,4,4,0,0,2,2,0,0,2,2,1,1
193,586,Java Sprint 21,3,18,0,0,1,1,0,0,1,1,0,0,0,0,1,1
193,587,Java Sprint 23,-3,18,0,0,3,3,0,0,3,3,0,0,0,0,1,1
228,60,Sprint 1,2,30,36,36,9,9,0,0,27,27,1,1,17,17,1,6
228,61,Sprint 2,2,14,4,4,1,1,0,0,2,2,0,0,3,3,1,2
228,62,Sprint 3,-1,11,12,12,1,1,0,0,12,12,0,0,1,1,1,3
228,113,Sprint 4,4,14,5,5,12,12,0,0,3,3,0,0,14,14,1,1
228,143,Sprint 2 - May 5 - May 23,21,18,4,4,2,2,0,0,4,4,0,0,2,2,1,1
228,149,Sprint 1 - April 14 - May 2,1,10,0,0,0,0,0,0,0,0,0,0,0,0,1,1
228,194,Sprint 3 -May 25 - June 13,4,19,0,0,0,0,0,0,0,0,0,0,0,0,1,2
228,205,Sprint 5 - July 7-25,1,15,3,3,2,2,0,0,1,1,0,0,4,4,1,1
228,286,C Sprint 8,1,18,1,1,9,9,4,4,3,3,2,2,1,1,1,4
228,304,C Sprint 9,12,18,3,3,10,10,2,2,9,9,0,0,2,2,1,4
228,313,Platform 0 3/13/15,-1,18,3,3,0,0,1,1,2,2,0,0,0,0,1,1
228,342,C Sprint 11,2,16,8,30,4,4,9,31,1,-14,2,17,0,0,1,2
228,343,C Sprint 12,-2,24,8,15,21,27,27,40,2,2,0,0,0,0,1,5
228,374,Platform 00 2/20/15,-21,16,5,5,20,26,0,0,24,30,1,1,0,0,1,4
228,442,PHP Sprint 17,0,21,0,0,0,0,0,0,0,0,0,0,0,0,1,1
228,452,Platform 1 04/03/15,0,18,1,1,0,0,1,1,0,0,0,0,0,0,1,1
228,473,PHP Sprint 18,0,18,0,0,0,0,0,0,0,0,0,0,0,0,1,1
228,505,PHP Sprint 19,0,21,0,0,0,0,0,0,0,0,0,0,0,0,1,1
228,532,C Driver 2015Q2 sprint 1,-5,8,4,7,6,9,0,0,3,6,3,3,4,7,1,3
228,557,C Driver 2015Q2 sprint 2,-31,18,15,100,1,2,2,18,9,50,2,12,3,22,1,2
228,579,C Driver 2015Q2 sprint 3,-35,18,0,0,21,144,7,58,8,33,4,48,2,5,1,3
228,610,C Driver 2015Q2 sprint 4,48,18,0,0,17,149,11,109,3,36,1,2,2,2,1,4
228,640,C Driver 2015Q2 sprint 5,-39,18,0,0,9,100,0,0,7,80,2,20,0,0,1,3
229,2,2.3.0,0,19,4,4,103,103,82,82,2,2,14,14,9,9,1,29
229,153,Build Team 2.7.0,-2,11,3,3,0,0,0,0,3,3,0,0,0,0,1,1
229,164,BUILD 2.7.1,0,18,2,2,0,0,1,1,1,1,0,0,0,0,1,1
229,169,BUILD 2.7.2,-3,17,3,3,0,0,0,0,3,3,0,0,0,0,1,2
229,173,Server 2.7.1,20,19,0,0,0,0,0,0,0,0,0,0,0,0,1,14
229,174,Server 2.7.2,9,19,6,6,18,18,6,6,6,6,6,6,6,6,1,13
229,175,Server 2.7.3,-4,18,8,8,7,7,0,0,11,11,1,1,3,3,1,14
229,193,BUILD 2.7.3,-3,18,4,4,1,1,0,0,3,3,1,1,1,1,1,2
229,209,Server 2.7.4,-10,18,9,9,16,16,4,4,14,14,4,4,3,3,1,6
229,221,BUILD 2.7.4,-3,17,4,4,0,0,0,0,4,4,0,0,0,0,1,1
229,234,Server 2.7.5,4,17,5,5,7,7,0,0,6,6,1,1,5,5,1,8
229,236,BUILD 2.7.5,-3,17,4,4,0,0,0,0,4,4,0,0,0,0,1,1
229,252,Server 2.7.6,-16,19,7,7,16,16,1,1,18,18,1,1,3,3,1,5
229,256,BUILD 2.7.6,0,18,3,3,1,1,0,0,0,0,4,4,0,0,1,2
229,290,MCI 2.7.8,1,18,0,0,0,0,0,0,0,0,0,0,0,0,1,1
229,292,BUILD 2.7.7,0,17,0,0,1,1,1,1,0,0,0,0,0,0,1,1
229,294,BUILD 2.7.8,0,18,1,1,1,1,1,1,1,1,0,0,0,0,1,4
229,303,Query 2.7.8,-1,18,11,11,0,0,0,0,4,4,4,4,3,3,1,8
229,306,BUILD 2.8.0-rc2,-1,9,7,7,0,0,0,0,5,5,1,1,1,1,1,6
229,313,Platform 0 3/13/15,0,18,6,6,0,0,3,3,2,2,0,0,1,1,1,5
229,346,BUILD 1,-1,32,7,7,2,2,0,0,5,5,3,3,1,1,1,3
229,374,Platform 00 2/20/15,0,16,0,0,4,4,0,0,2,2,0,0,2,2,1,2
229,403,BUILD 00 2/20/15,0,18,4,4,0,0,1,1,3,3,0,0,0,0,1,3
229,407,Security [00-02-20-15],-2,31,3,3,8,8,0,0,6,6,1,1,4,4,1,7
229,411,RPL 0 3/13/15,6,35,21,21,7,7,4,4,5,5,4,4,15,15,1,10
229,421,Security 0 03/13/15],-6,18,3,3,3,3,0,0,5,5,1,1,0,0,1,6
229,426,BUILD 0 3/13/15,0,18,0,0,6,6,3,3,2,2,1,1,0,0,1,3
229,430,Quint 3.1.0,-5,17,8,8,6,6,4,4,3,3,2,2,5,5,1,7
229,450,Quint Iteration 3.1.1,-1,18,23,23,7,7,2,2,12,12,7,7,9,9,1,10
229,452,Platform 1 04/03/15,5,18,3,3,11,11,5,5,9,9,0,0,0,0,1,5
229,453,BUILD 1 04/03/15,2,18,3,3,4,4,0,0,6,6,0,0,1,1,1,4
229,457,RPL 1 04/03/15,-2,18,1,1,11,11,3,3,2,2,5,5,2,2,1,6
229,458,Security 1 04/03/15,0,18,6,6,5,5,1,1,3,3,5,5,2,2,1,8
229,459,Sharding 1 04/03/15,14,18,1,1,0,0,0,0,1,1,0,0,0,0,1,5
229,460,Security 2 04/24/15,-1,18,9,9,10,10,11,11,3,3,3,3,2,2,1,11
229,470,Quint Iteration 3.1.2,-11,21,27,27,13,13,5,5,22,22,1,1,12,12,1,21
229,474,RPL 2 04/24/15,8,21,6,6,6,6,5,5,7,7,0,0,0,0,1,6
229,475,Sharding 2 04/24/15,13,18,6,6,13,13,0,0,6,6,3,3,10,10,1,8
229,476,Platform 2 04/24/15,-3,18,14,14,9,9,2,2,8,8,6,6,7,7,1,8
229,477,BUILD 2 04/24/15,-3,18,13,13,3,3,3,3,7,7,3,3,3,3,1,7
229,490,Quint Iteration 3,-7,21,31,31,11,11,2,2,26,26,7,7,7,7,1,25
229,491,CAP - 3.1.3,0,20,0,0,1,1,1,1,0,0,0,0,0,0,1,1
229,498,Security 3 05/15/15,0,18,4,4,3,3,1,1,1,1,2,2,3,3,1,5
229,499,RPL 3 05/15/15,-1,16,8,8,5,5,3,3,2,2,2,2,6,6,1,5
229,500,Sharding 3 05/15/15,-3,17,13,13,5,5,1,1,10,10,3,3,4,4,1,10
229,501,Platform 3 05/15/15,2,18,13,13,7,7,9,9,11,11,0,0,0,0,1,7
229,502,BUILD 3 05/15/15,2,18,13,13,6,6,7,7,12,12,0,0,0,0,1,5
229,518,Quint Iteration 4,-13,18,30,30,14,14,7,7,19,19,7,7,11,11,1,23
229,524,CAP - 3.1.4,1,18,1,1,0,0,0,0,1,1,0,0,0,0,1,7
229,536,Quint Iteration 5,-17,20,51,51,8,8,0,0,33,33,12,12,14,14,1,28
229,541,BUILD 4 06/05/15,-2,22,0,0,10,10,3,3,3,3,3,3,1,1,1,4
229,546,Sharding 4 06/05/15,-10,18,14,14,2,2,2,2,10,10,3,3,1,1,1,7
229,547,RPL 4 06/05/15,-4,18,17,17,3,3,1,1,11,11,4,4,4,4,1,8
229,548,Platform 4 06/05/15,-29,18,16,16,38,38,10,10,30,30,4,4,10,10,1,9
229,553,Security 4 06/05/15,0,18,0,0,2,2,1,1,1,1,0,0,0,0,1,2
229,555,Kernel Tools Iteration 5,0,18,0,0,1,1,0,0,1,1,0,0,0,0,1,1
229,558,CAP - 3.1.5,4,17,2,2,2,2,1,1,3,3,0,0,0,0,1,3
229,565,RPL 5 06/26/16,9,18,12,12,11,11,7,7,1,1,4,4,11,11,1,7
229,566,Sharding 5 06/26/16,8,18,12,12,14,14,0,0,12,12,1,1,13,13,1,10
229,567,Platform 5 06/26/16,5,18,38,38,16,16,19,19,13,13,6,6,16,16,1,8
229,568,Build 5 06/26/16,2,17,9,9,7,7,0,0,6,6,1,1,9,9,1,4
229,569,Security 5 06/26/15,3,18,2,2,7,7,1,1,3,3,4,4,1,1,1,5
229,572,Quint Iteration 6,5,21,35,35,25,25,21,21,16,16,10,10,13,13,1,30
229,573,Security 6 07/17/15,1,15,6,6,1,1,0,0,5,5,0,0,2,2,1,4
229,574,RPL 6 07/17/15,-6,15,18,18,2,2,2,2,13,13,2,2,3,3,1,7
229,575,Platform 6 07/17/15,-14,18,30,30,36,36,3,3,49,49,7,7,7,7,1,15
229,576,Sharding 6 07/17/15,2,17,14,14,11,11,3,3,6,6,7,7,9,9,1,12
229,577,Build 6 07/17/15,-9,18,7,7,8,8,2,2,9,9,1,1,3,3,1,3
229,593,RPL 7 08/10/15,1,18,19,19,8,8,8,8,8,8,5,5,6,6,1,11
229,600,CAP - 3.1.6,6,20,3,3,5,5,2,2,6,6,0,0,0,0,1,1
229,607,CAP - 3.1.7,0,21,4,4,2,2,0,0,0,0,3,3,3,3,1,1
229,620,Sharding 7 08/10/15,-3,18,24,24,16,16,10,10,30,30,0,0,0,0,1,12
229,625,Build 7 08/10/15,-12,18,10,10,11,11,4,4,8,8,8,8,1,1,1,9
229,629,Security 7 08/10/15,-5,18,13,13,6,6,3,3,12,12,1,1,3,3,1,11
229,632,Platform 7 08/10/15,8,22,58,58,17,17,35,35,10,10,16,16,14,14,1,19
229,635,Quint Iteration 7,-12,15,46,46,18,18,10,10,28,28,10,10,16,16,1,25
229,636,Kernel Tools Iteration 7,0,15,0,0,0,0,0,0,0,0,0,0,0,0,1,1
274,101,Sprint 1 - April 14,-2,21,2,2,0,0,0,0,2,2,0,0,0,0,1,1
274,162,Sprint 2 - May 5 - May 23,0,18,4,4,0,0,0,0,4,4,0,0,0,0,1,1
274,183,Sprint 3 - May 25 - June 13,5,16,5,5,0,0,2,2,1,1,2,2,0,0,1,1
274,203,Sprint 4,0,17,4,4,0,0,0,0,3,3,1,1,0,0,1,1
274,231,Sprint 5,0,18,11,11,0,0,11,11,0,0,0,0,0,0,1,2
274,247,Perl Sprint 6,-5,18,18,19,1,1,3,4,13,12,3,4,0,0,1,2
274,273,Perl Sprint 7,0,18,1,1,9,10,0,0,7,8,1,1,2,2,1,3
274,288,Perl Sprint 8,-15,18,0,0,6,24,1,5,5,19,0,0,0,0,1,3
274,302,Perl Sprint 9,0,17,8,33,1,1,0,0,3,3,1,3,5,28,1,3
274,323,Perl Sprint 10,-4,17,0,0,4,11,0,0,4,11,0,0,0,0,1,1
274,340,Perl Sprint 11,-5,18,0,0,7,13,0,0,5,8,0,0,2,5,1,2
274,347,Perl Sprint 12,0,18,0,0,4,11,2,8,1,3,1,8,0,0,1,2
274,354,Perl Sprint 13,-4,18,0,0,14,29,0,0,3,4,0,0,11,25,1,2
274,380,Perl Sprint 14,-14,18,3,16,0,0,0,0,3,16,0,0,0,0,1,1
274,395,Perl Sprint 16,-6,18,0,0,4,7,1,1,1,0,2,6,0,0,1,1
274,449,Perl Sprint 17,-6,18,0,0,22,38,7,12,15,26,0,0,0,0,1,2
274,486,Perl Sprint 18,-11,18,4,11,0,0,0,0,4,11,0,0,0,0,1,1
274,516,Perl Sprint 19,-1,18,0,0,8,20,0,0,8,20,0,0,0,0,1,1
274,554,Perl Sprint 20,4,18,18,29,1,2,0,0,8,14,4,6,7,11,1,1
274,571,Perl Sprint 21,-22,17,12,32,0,0,0,0,10,27,2,5,0,0,1,1
274,608,Perl Sprint 22,-22,18,0,0,11,33,2,6,9,27,0,0,0,0,1,1
274,634,Perl Sprint 23,0,18,3,17,0,0,0,0,2,16,0,0,1,1,1,1
275,5,Production Sprint 1,-4,10,10,10,0,0,0,0,7,7,0,0,3,3,1,2
275,6,docs-sprint-0,0,16,12,12,9,9,0,0,18,18,2,2,1,1,1,5
275,256,BUILD 2.7.6,0,18,0,0,0,0,0,0,0,0,0,0,0,0,1,1
275,346,BUILD 1,0,32,1,1,0,0,0,0,0,0,1,1,0,0,1,1
275,384,v1.3.17 - Ending 1/30,-2,18,0,0,23,23,0,0,9,9,11,11,3,3,1,4
275,412,v1.3.18 - 15 - Ending 2/20,36,18,0,0,15,15,8,8,7,7,0,0,0,0,1,10
275,419,Docs Sprint 16 - Ending 3/13,34,19,17,17,76,76,36,36,24,24,17,17,16,16,1,12
275,435,Docs Sprint 17 - Ending 4/3,16,19,94,94,22,22,29,29,36,36,13,13,38,38,1,11
275,439,Beryllium - 20150427,0,28,0,0,0,0,0,0,0,0,0,0,0,0,1,1
275,461,Docs Sprint 18 - 4/24 (461),-31,19,77,77,18,18,2,2,45,45,14,14,34,34,1,12
275,477,BUILD 2 04/24/15,0,18,0,0,1,1,0,0,0,0,0,0,1,1,1,1
275,487,Docs Current Sprint (487),-41,18,78,78,12,12,6,6,57,57,10,10,17,17,1,9
275,502,BUILD 3 05/15/15,1,18,0,0,1,1,0,0,0,0,0,0,1,1,1,1
275,511,Docs Sprint Current (511),-49,17,79,79,7,7,0,0,68,68,4,4,14,14,1,9
275,518,Quint Iteration 4,0,18,0,0,1,1,0,0,0,0,0,0,1,1,1,1
275,541,BUILD 4 06/05/15,1,22,0,0,1,1,0,0,0,0,0,0,1,1,1,1
275,556,DOCS Current Sprint (556),-31,18,76,76,31,31,5,5,67,67,11,11,24,24,1,5
275,567,Platform 5 06/26/16,1,18,0,0,0,0,0,0,0,0,0,0,0,0,1,1
275,568,Build 5 06/26/16,0,17,0,0,1,1,0,0,0,0,0,0,1,1,1,1
275,597,MKT Sprint Ending 7/28,0,14,0,0,1,1,1,1,0,0,0,0,0,0,1,2
275,603,Docs Sprint Current,-53,18,89,89,7,7,1,1,83,83,2,2,10,10,1,6
275,605,Docs Sprint Current,-10,20,107,107,15,15,74,74,25,25,8,8,15,15,1,6
275,616,MMS v20150804,0,20,0,0,0,0,0,0,0,0,0,0,0,0,1,1
291,77,Sprint 1,-2,18,6,6,1,1,1,1,5,5,1,1,0,0,1,3
291,81,Sprint 2,-3,14,6,6,3,3,0,0,5,5,2,2,2,2,1,2
291,82,Sprint 3,5,9,6,6,11,11,4,4,13,13,0,0,0,0,1,4
291,107,Sprint 4,2,31,6,6,2,2,0,0,3,3,2,2,3,3,1,1
291,123,Sprint 1 - April 14 - May 2,9,18,9,9,2,2,2,2,4,4,4,4,1,1,1,3
291,155,Sprint 1 - April 14 - May 2,0,3,0,0,1,1,1,1,0,0,0,0,0,0,1,1
291,161,Sprint 2 - May 5 - May 23,-2,21,10,10,2,2,0,0,7,7,4,4,1,1,1,4
291,185,Sprint 3 - May 27 - June 13,37,718,0,0,0,0,0,0,0,0,0,0,0,0,1,1
291,202,Sprint 4 - June 16 - July 3,-3,17,15,15,7,7,0,0,7,7,8,8,7,7,1,2
291,204,Sprint 4,0,18,0,0,6,6,6,6,0,0,0,0,0,0,1,1
291,239,Sprint  5 - July 7 - July 25,2,18,0,0,0,0,0,0,0,0,0,0,0,0,1,3
291,251,Java Sprint 6,34,18,0,0,14,14,9,9,1,1,3,3,1,1,1,4
291,262,C# Sprint 8,0,18,0,0,0,0,0,0,0,0,0,0,0,0,1,1
291,264,Java Sprint 7,-5,18,15,15,5,5,1,1,6,6,3,3,10,10,1,4
291,265,Java Sprint 8,17,18,9,9,3,3,2,2,7,7,2,2,1,1,1,4
291,298,Java Sprint 9,9,17,24,24,4,4,1,1,12,12,8,8,7,7,1,4
291,321,Java Sprint 10,18,18,8,8,1,1,1,1,7,7,0,0,1,1,1,1
291,338,Java Sprint 11,8,18,6,6,8,8,1,1,2,2,3,3,8,8,1,3
291,351,Java Sprint 12,16,39,14,14,5,5,2,2,17,17,0,0,0,0,1,3
291,371,Java Sprint 14,11,18,9,9,3,3,1,1,3,3,1,1,7,7,1,2
291,391,C# Sprint 15,0,17,0,0,1,1,1,1,0,0,0,0,0,0,1,1
291,396,Java Sprint 15,12,17,3,3,3,3,0,0,3,3,1,1,2,2,1,3
291,440,Java Sprint 16,0,7,3,3,2,2,0,0,4,4,0,0,1,1,1,1
291,454,Java Sprint 17,7,18,5,5,3,3,2,2,1,1,1,1,4,4,1,2
291,485,Java Sprint 18,7,18,4,4,6,6,1,1,1,1,2,2,6,6,1,2
291,506,C# Sprint 19,0,21,11,11,0,0,11,11,0,0,0,0,0,0,1,2
291,521,Java Sprint 19,3,18,0,0,12,12,0,0,8,8,0,0,4,4,1,2
291,522,Java Sprint 20,0,17,6,6,5,5,0,0,11,11,0,0,0,0,1,1
291,552,Java Sprint 20,1,18,8,8,8,8,0,0,7,7,0,0,9,9,1,3
291,586,Java Sprint 21,-3,18,0,0,10,10,0,0,4,4,1,1,5,5,1,2
291,587,Java Sprint 23,-8,18,0,0,11,11,0,0,11,11,0,0,0,0,1,1
292,2,2.3.0,0,19,0,0,2,2,2,2,0,0,0,0,0,0,1,2
292,168,MCI 2.7.2,-2,17,0,0,2,2,0,0,1,1,1,1,0,0,1,1
292,190,MCI 2.7.3,-4,18,4,4,0,0,0,0,4,4,0,0,0,0,1,1
292,222,MCI 2.7.4,-3,18,4,4,0,0,0,0,2,2,1,1,1,1,1,1
292,246,MCI 2.7.5,-3,18,4,4,0,0,0,0,4,4,0,0,0,0,1,2
292,250,MCI 2.7.6,-3,14,3,3,0,0,0,0,3,3,0,0,0,0,1,1
292,283,MCI 2.7.7,-4,17,8,8,1,1,0,0,6,6,3,3,0,0,1,5
292,290,MCI 2.7.8,14,18,19,19,1,1,6,6,14,14,0,0,0,0,1,5
292,307,MCI 2.8.0-RC0,-6,43,18,18,2,2,0,0,7,7,3,3,10,10,1,7
292,360,2014 Last MCI Iteration,-3,20,6,6,27,27,0,0,9,9,4,4,20,20,1,6
292,361,2015-01 Iteration,7,23,9,9,1,1,0,0,10,10,0,0,0,0,1,7
292,413,Iteration 0,-2,21,8,8,1,1,0,0,4,4,0,0,5,5,1,5
292,432,Iteration 3.1.0,3,16,4,4,2,2,0,0,5,5,0,0,1,1,1,4
292,462,Kernel Tools Iteration 3.1.1,-2,21,14,14,2,2,1,1,8,8,5,5,2,2,1,6
292,489,Kernel Tools Iteration 3.1.2,-2,21,7,7,0,0,0,0,6,6,1,1,0,0,1,4
292,509,Kernel Tools Iteration 3,-6,21,9,9,0,0,0,0,9,9,0,0,0,0,1,4
292,519,Kernel Tools Iteration 4,2,18,19,19,2,2,0,0,4,4,4,4,13,13,1,5
292,555,Kernel Tools Iteration 5,-1,18,6,6,4,4,0,0,3,3,4,4,3,3,1,4
292,596,Kernel Tools Iteration 6,-2,21,6,6,1,1,0,0,3,3,1,1,3,3,1,6
292,636,Kernel Tools Iteration 7,1,15,11,11,0,0,0,0,5,5,1,1,5,5,1,5
294,142,Sprint 3 - May 25 - June 13,0,19,0,0,0,0,0,0,0,0,0,0,0,0,1,1
294,208,Ruby Sprint 6,0,18,0,0,2,9,2,9,0,0,0,0,0,0,1,1
294,257,Node Sprint 6,-1,14,2,15,7,17,0,0,1,7,2,14,6,11,1,1
294,269,Node Sprint 7,23,21,7,30,0,0,0,0,6,24,1,6,0,0,1,1
294,287,Node Sprint 8,50,14,1,1,3,14,0,0,4,15,0,0,0,0,1,1
294,415,Node Sprint 15,0,14,3,3,0,0,0,0,3,3,0,0,0,0,1,1
294,423,Node Sprint 16,0,14,9,9,0,0,0,0,0,0,1,1,8,8,1,1
294,455,Node Sprint 17,0,18,13,13,0,0,0,0,1,1,0,0,12,12,1,1
294,456,Node Sprint 18,-2,14,22,22,10,10,2,2,5,5,0,0,25,25,1,1
294,515,Node Sprint 18,6,10,5,5,3,3,0,0,0,0,3,3,5,5,1,1
306,5,Production Sprint 1,-4,10,10,10,0,0,0,0,7,7,0,0,3,3,1,2
306,6,docs-sprint-0,-2,16,14,14,10,10,1,1,20,20,2,2,1,1,1,6
306,256,BUILD 2.7.6,0,18,0,0,0,0,0,0,0,0,0,0,0,0,1,1
306,346,BUILD 1,0,32,1,1,0,0,0,0,0,0,1,1,0,0,1,1
306,384,v1.3.17 - Ending 1/30,-2,18,0,0,23,23,0,0,9,9,11,11,3,3,1,4
306,412,v1.3.18 - 15 - Ending 2/20,36,18,0,0,15,15,8,8,7,7,0,0,0,0,1,10
306,419,Docs Sprint 16 - Ending 3/13,24,19,30,30,84,84,47,47,31,31,18,18,18,18,1,13
306,435,Docs Sprint 17 - Ending 4/3,5,19,112,112,22,22,36,36,46,46,14,14,38,38,1,13
306,439,Beryllium - 20150427,0,28,0,0,0,0,0,0,0,0,0,0,0,0,1,1
306,461,Docs Sprint 18 - 4/24 (461),-45,19,91,91,20,20,4,4,59,59,14,14,34,34,1,14
306,477,BUILD 2 04/24/15,0,18,0,0,1,1,0,0,0,0,0,0,1,1,1,1
306,487,Docs Current Sprint (487),-48,18,86,86,12,12,7,7,64,64,10,10,17,17,1,9
306,502,BUILD 3 05/15/15,1,18,0,0,1,1,0,0,0,0,0,0,1,1,1,1
306,511,Docs Sprint Current (511),-53,17,84,84,7,7,1,1,72,72,4,4,14,14,1,9
306,518,Quint Iteration 4,0,18,0,0,1,1,0,0,0,0,0,0,1,1,1,1
306,541,BUILD 4 06/05/15,1,22,0,0,1,1,0,0,0,0,0,0,1,1,1,1
306,556,DOCS Current Sprint (556),-34,18,82,82,31,31,8,8,70,70,11,11,24,24,1,5
306,567,Platform 5 06/26/16,1,18,0,0,0,0,0,0,0,0,0,0,0,0,1,1
306,568,Build 5 06/26/16,0,17,0,0,1,1,0,0,0,0,0,0,1,1,1,1
306,597,MKT Sprint Ending 7/28,0,14,0,0,1,1,1,1,0,0,0,0,0,0,1,2
306,603,Docs Sprint Current,-55,18,91,91,7,7,1,1,85,85,2,2,10,10,1,6
306,605,Docs Sprint Current,-12,20,109,109,15,15,74,74,27,27,8,8,15,15,1,6
306,616,MMS v20150804,0,20,0,0,0,0,0,0,0,0,0,0,0,0,1,1
313,2,2.3.0,0,19,0,0,2,2,2,2,0,0,0,0,0,0,1,2
313,168,MCI 2.7.2,-2,17,0,0,2,2,0,0,1,1,1,1,0,0,1,1
313,190,MCI 2.7.3,-4,18,4,4,0,0,0,0,4,4,0,0,0,0,1,1
313,222,MCI 2.7.4,-3,18,4,4,0,0,0,0,2,2,1,1,1,1,1,1
313,246,MCI 2.7.5,-3,18,4,4,0,0,0,0,4,4,0,0,0,0,1,2
313,250,MCI 2.7.6,-3,14,3,3,0,0,0,0,3,3,0,0,0,0,1,1
313,283,MCI 2.7.7,-4,17,8,8,1,1,0,0,6,6,3,3,0,0,1,5
313,290,MCI 2.7.8,14,18,19,19,1,1,6,6,14,14,0,0,0,0,1,5
313,307,MCI 2.8.0-RC0,-6,43,18,18,2,2,0,0,7,7,3,3,10,10,1,7
313,360,2014 Last MCI Iteration,-3,20,6,6,27,27,0,0,9,9,4,4,20,20,1,6
313,361,2015-01 Iteration,7,23,9,9,1,1,0,0,10,10,0,0,0,0,1,7
313,413,Iteration 0,-2,21,8,8,1,1,0,0,4,4,0,0,5,5,1,5
313,432,Iteration 3.1.0,3,16,4,4,2,2,0,0,5,5,0,0,1,1,1,4
313,462,Kernel Tools Iteration 3.1.1,-2,21,14,14,2,2,1,1,8,8,5,5,2,2,1,6
313,489,Kernel Tools Iteration 3.1.2,-2,21,7,7,0,0,0,0,6,6,1,1,0,0,1,4
313,509,Kernel Tools Iteration 3,-6,21,9,9,0,0,0,0,9,9,0,0,0,0,1,4
313,519,Kernel Tools Iteration 4,2,18,19,19,2,2,0,0,4,4,4,4,13,13,1,5
313,555,Kernel Tools Iteration 5,-1,18,6,6,4,4,0,0,3,3,4,4,3,3,1,4
313,596,Kernel Tools Iteration 6,-2,21,6,6,1,1,0,0,3,3,1,1,3,3,1,6
313,636,Kernel Tools Iteration 7,1,15,11,11,0,0,0,0,5,5,1,1,5,5,1,5
322,169,BUILD 2.7.2,-1,17,1,1,0,0,0,0,1,1,0,0,0,0,1,2
322,175,Server 2.7.3,0,18,0,0,0,0,0,0,0,0,0,0,0,0,1,2
322,303,Query 2.7.8,-1,18,1,1,0,0,0,0,0,0,1,1,0,0,1,2
322,313,Platform 0 3/13/15,0,18,1,1,0,0,1,1,0,0,0,0,0,0,1,1
322,346,BUILD 1,-1,32,1,1,0,0,0,0,1,1,0,0,0,0,1,1
322,403,BUILD 00 2/20/15,-1,18,1,1,0,0,0,0,1,1,0,0,0,0,1,1
322,411,RPL 0 3/13/15,0,35,1,1,0,0,1,1,0,0,0,0,0,0,1,3
322,426,BUILD 0 3/13/15,-1,18,0,0,1,1,0,0,1,1,0,0,0,0,1,1
322,453,BUILD 1 04/03/15,-1,18,1,1,0,0,0,0,1,1,0,0,0,0,1,1
322,457,RPL 1 04/03/15,0,18,0,0,1,1,1,1,0,0,0,0,0,0,1,1
322,470,Quint Iteration 3.1.2,-2,21,2,2,0,0,0,0,2,2,0,0,0,0,1,3
322,475,Sharding 2 04/24/15,-2,18,0,0,2,2,0,0,2,2,0,0,0,0,1,4
322,476,Platform 2 04/24/15,-2,18,2,2,0,0,0,0,2,2,0,0,0,0,1,5
322,477,BUILD 2 04/24/15,-2,18,2,2,0,0,0,0,2,2,0,0,0,0,1,3
322,490,Quint Iteration 3,-2,21,2,2,0,0,0,0,2,2,0,0,0,0,1,2
322,500,Sharding 3 05/15/15,-3,17,3,3,0,0,0,0,3,3,0,0,0,0,1,4
322,501,Platform 3 05/15/15,0,18,1,1,0,0,1,1,0,0,0,0,0,0,1,5
322,502,BUILD 3 05/15/15,0,18,3,3,0,0,3,3,0,0,0,0,0,0,1,3
322,518,Quint Iteration 4,-4,18,4,4,0,0,0,0,4,4,0,0,0,0,1,4
322,536,Quint Iteration 5,-7,20,7,7,0,0,0,0,5,5,2,2,0,0,1,8
322,541,BUILD 4 06/05/15,-4,22,0,0,4,4,0,0,3,3,1,1,0,0,1,3
322,546,Sharding 4 06/05/15,-3,18,3,3,0,0,0,0,3,3,0,0,0,0,1,3
322,547,RPL 4 06/05/15,-3,18,3,3,0,0,0,0,3,3,0,0,0,0,1,1
322,548,Platform 4 06/05/15,-1,18,1,1,0,0,0,0,1,1,0,0,0,0,1,1
322,565,RPL 5 06/26/16,0,18,3,3,0,0,3,3,0,0,0,0,0,0,1,2
322,566,Sharding 5 06/26/16,-3,18,3,3,0,0,0,0,3,3,0,0,0,0,1,3
322,567,Platform 5 06/26/16,0,18,0,0,0,0,0,0,0,0,0,0,0,0,1,1
322,568,Build 5 06/26/16,-8,17,8,8,0,0,0,0,8,8,0,0,0,0,1,3
322,569,Security 5 06/26/15,-1,18,0,0,1,1,0,0,1,1,0,0,0,0,1,2
322,572,Quint Iteration 6,-1,21,9,9,2,2,10,10,1,1,0,0,0,0,1,13
322,573,Security 6 07/17/15,-1,15,1,1,0,0,0,0,1,1,0,0,0,0,1,2
322,574,RPL 6 07/17/15,-4,15,4,4,0,0,0,0,4,4,0,0,0,0,1,3
322,575,Platform 6 07/17/15,-8,18,7,7,2,2,1,1,8,8,0,0,0,0,1,9
322,576,Sharding 6 07/17/15,-6,17,5,5,2,2,1,1,6,6,0,0,0,0,1,8
322,577,Build 6 07/17/15,-10,18,10,10,0,0,0,0,10,10,0,0,0,0,1,3
322,593,RPL 7 08/10/15,-10,18,9,9,2,2,1,1,9,9,1,1,0,0,1,8
322,600,CAP - 3.1.6,0,20,0,0,0,0,0,0,0,0,0,0,0,0,1,1
322,607,CAP - 3.1.7,-3,21,3,3,0,0,0,0,3,3,0,0,0,0,1,1
322,620,Sharding 7 08/10/15,-10,18,13,13,4,4,7,7,10,10,0,0,0,0,1,10
322,625,Build 7 08/10/15,-17,18,11,11,6,6,0,0,12,12,5,5,0,0,1,9
322,629,Security 7 08/10/15,-9,18,8,8,1,1,0,0,9,9,0,0,0,0,1,8
322,632,Platform 7 08/10/15,-19,22,40,40,2,2,23,23,12,12,7,7,0,0,1,16
322,635,Quint Iteration 7,-14,15,16,16,4,4,6,6,11,11,3,3,0,0,1,16
